Date,NVDA,Nasdaq,AMD,META,GOOGL,TSLA,GOOG,MSFT,AMZN,AAPL,INTC,AVGO
2023-01-03,14.304594039916992,10386.98046875,64.0199966430664,124.26531219482422,88.79810333251953,108.0999984741211,89.37885284423828,236.1835174560547,85.81999969482422,123.76846313476562,25.775142669677734,53.39712142944336
2023-01-04,14.738279342651367,10458.759765625,64.66000366210938,126.88530731201172,87.76185607910156,113.63999938964844,88.39240264892578,225.85208129882812,85.13999938964844,125.0450439453125,26.69120979309082,54.049285888671875
2023-01-05,14.254632949829102,10305.240234375,62.33000183105469,126.45693969726562,85.88864135742188,110.33999633789062,86.45933532714844,219.15834045410156,83.12000274658203,123.71897888183594,26.57549476623535,53.545684814453125
2023-01-06,14.848198890686035,10569.2900390625,63.959999084472656,129.5252227783203,87.02452087402344,113.05999755859375,87.8443603515625,221.74119567871094,86.08000183105469,128.2711181640625,27.70370101928711,56.768924713134766
2023-01-09,15.6166410446167,10635.650390625,67.23999786376953,128.97732543945312,87.70206451416016,119.7699966430664,88.48207092285156,223.90016174316406,87.36000061035156,128.7955780029297,28.262981414794922,55.655601501464844
2023-01-10,15.89743709564209,10742.6298828125,68.05000305175781,132.48391723632812,88.10062408447266,118.8499984741211,88.92050170898438,225.60562133789062,89.87000274658203,129.3695526123047,28.38833999633789,55.466514587402344
2023-01-11,15.989368438720703,10931.669921875,69.05999755859375,132.38430786132812,91.18942260742188,123.22000122070312,91.92969512939453,232.42755126953125,95.08999633789062,132.10084533691406,28.783693313598633,55.77619552612305
2023-01-12,16.499000549316406,11001.099609375,70.80000305175781,136.1897735595703,90.80083465576172,123.55999755859375,91.58094024658203,235.12867736816406,95.2699966430664,132.02166748046875,29.207977294921875,56.142799377441406
2023-01-13,16.88671875,11079.16015625,71.0,136.45872497558594,91.78726196289062,122.4000015258789,92.46775817871094,235.83848571777344,98.12000274658203,133.3576202392578,29.034404754638672,55.859161376953125
2023-01-17,17.689136505126953,11095.1103515625,71.58999633789062,134.84490966796875,90.96025848388672,131.49000549316406,91.83004760742188,236.94259643554688,96.05000305175781,134.52532958984375,28.54262351989746,55.88231658935547
2023-01-18,17.36437225341797,10957.009765625,70.52999877929688,132.5137939453125,90.79087829589844,128.77999877929688,91.45140838623047,232.46697998046875,95.45999908447266,133.80294799804688,27.78084373474121,55.40476989746094
2023-01-19,16.75281524658203,10852.26953125,67.70999908447266,135.6318817138672,92.71391296386719,127.16999816894531,93.57378387451172,228.6419677734375,93.68000030517578,133.86233520507812,27.40477752685547,54.336788177490234
2023-01-20,17.826038360595703,11140.4296875,70.06999969482422,138.8396453857422,97.66594696044922,133.4199981689453,98.924560546875,236.814453125,97.25,136.4352569580078,28.176197052001953,55.066139221191406
2023-01-23,19.17905044555664,11364.41015625,76.52999877929688,142.7248077392578,99.4295654296875,143.75,100.84764099121094,239.1409912109375,97.5199966430664,139.64154052734375,29.188690185546875,56.11288833618164
2023-01-24,19.250995635986328,11334.26953125,74.69999694824219,142.5952911376953,97.34710693359375,143.88999938964844,98.85480499267578,238.60862731933594,96.31999969482422,141.04676818847656,28.851192474365234,56.44091033935547
2023-01-25,19.3089542388916,11313.3603515625,74.91000366210938,140.96153259277344,94.87606811523438,144.42999267578125,96.3836898803711,237.1989288330078,97.18000030517578,140.38372802734375,28.639053344726562,56.50362014770508
2023-01-26,19.787607192993164,11512.41015625,75.16000366210938,146.7394561767578,97.16775512695312,160.27000427246094,98.80498504638672,244.484130859375,99.22000122070312,142.46188354492188,29.015119552612305,57.74814987182617
2023-01-27,20.35019874572754,11621.7099609375,75.4000015258789,151.16258239746094,99.0110855102539,177.89999389648438,100.34943389892578,244.64187622070312,102.23999786376953,144.411376953125,27.154064178466797,57.01589584350586
2023-01-30,19.148075103759766,11393.8095703125,72.44999694824219,146.50038146972656,96.58985900878906,166.66000366210938,97.59931182861328,239.26914978027344,100.55000305175781,141.51187133789062,26.95156478881836,56.09553146362305
2023-01-31,19.522796630859375,11584.5498046875,75.1500015258789,148.40310668945312,98.48298645019531,173.22000122070312,99.51244354248047,244.29685974121094,103.12999725341797,142.78843688964844,27.250492095947266,56.43898391723633
2023-02-01,20.927778244018555,11816.3203125,84.63999938964844,152.5373077392578,100.06725311279297,181.41000366210938,101.06685638427734,249.16680908203125,105.1500015258789,143.9165802001953,28.03155517578125,58.15045166015625
2023-02-02,21.693220138549805,12200.8203125,88.30999755859375,188.05165100097656,107.35083770751953,188.27000427246094,108.41047668457031,260.8487854003906,112.91000366210938,149.25050354003906,29.111547470092773,58.441802978515625
2023-02-03,21.08466148376465,12006.9501953125,86.08999633789062,185.82017517089844,104.40153503417969,189.97999572753906,104.84329223632812,254.6874237060547,103.38999938964844,152.89218139648438,29.23690414428711,57.65553283691406
2023-02-06,21.073671340942383,11887.4501953125,83.68000030517578,185.35195922851562,102.52833557128906,194.75999450683594,103.09954833984375,253.1298065185547,102.18000030517578,150.1510009765625,28.002225875854492,58.01057052612305
2023-02-07,22.156885147094727,12113.7900390625,85.91000366210938,190.89080810546875,107.2511978149414,196.80999755859375,107.6531982421875,263.7668151855469,102.11000061035156,153.04061889648438,28.353595733642578,59.27920913696289
2023-02-08,22.188859939575195,11910.51953125,84.69000244140625,182.73196411132812,99.0110855102539,201.2899932861328,99.64197540283203,262.9486389160156,100.05000305175781,150.3390350341797,27.563013076782227,58.05011749267578
2023-02-09,22.320762634277344,11789.580078125,83.20999908447266,177.24295043945312,94.66682434082031,207.32000732421875,95.11822509765625,259.8827209472656,98.23999786376953,149.29995727539062,27.065242767333984,57.828224182128906
2023-02-10,21.249544143676758,11718.1201171875,81.4800033569336,173.48728942871094,94.2284164428711,196.88999938964844,94.52037811279297,259.3700866699219,97.61000061035156,149.6666717529297,27.133563995361328,57.23393630981445
2023-02-13,21.77216339111328,11891.7900390625,83.12999725341797,178.74720764160156,94.26827239990234,194.63999938964844,94.65988159179688,267.47357177734375,99.54000091552734,152.48143005371094,27.865583419799805,57.993194580078125
2023-02-14,22.954303741455078,11960.150390625,85.94999694824219,178.7969970703125,94.33802032470703,209.25,94.61005401611328,268.31146240234375,99.69999694824219,151.83718872070312,27.95342445373535,58.10799789428711
2023-02-15,22.747453689575195,12070.58984375,85.18000030517578,176.48582458496094,96.58985900878906,214.24000549316406,96.75235748291016,266.1669006347656,101.16000366210938,153.94825744628906,28.15839195251465,58.62704086303711
2023-02-16,21.98600959777832,11855.830078125,80.08000183105469,171.78379821777344,95.1650161743164,202.0399932861328,95.43708038330078,259.0808410644531,98.1500015258789,152.34268188476562,27.523977279663086,57.93724060058594
2023-02-17,21.372453689575195,11787.26953125,78.5,172.22213745117188,94.00920867919922,208.30999755859375,94.2513427734375,255.03871154785156,97.19999694824219,151.19297790527344,26.948118209838867,57.459686279296875
2023-02-21,20.63998794555664,11492.2998046875,76.7699966430664,171.4251708984375,91.45845794677734,197.3699951171875,91.72045135498047,249.7118377685547,94.58000183105469,147.15919494628906,25.435274124145508,56.104209899902344
2023-02-22,20.73891258239746,11507.0703125,76.61000061035156,170.4688262939453,91.31896209716797,200.86000061035156,91.47134399414062,248.56541442871094,95.79000091552734,147.5853729248047,24.85941505432129,55.58613586425781
2023-02-23,23.64679718017578,11590.400390625,79.75,171.38531494140625,90.56170654296875,202.07000732421875,90.74394226074219,251.7872314453125,95.81999969482422,148.07101440429688,24.996061325073242,56.32224655151367
2023-02-24,23.269075393676758,11394.9404296875,78.08999633789062,169.74160766601562,88.80806732177734,196.8800048828125,89.03010559082031,246.30221557617188,93.5,145.4049530029297,24.537330627441406,55.73857116699219
2023-02-27,23.483917236328125,11466.98046875,78.7699966430664,168.89483642578125,89.54539489746094,207.6300048828125,89.77742004394531,247.23123168945312,93.76000213623047,146.60415649414062,24.303081512451172,56.48143005371094
2023-02-28,23.199127197265625,11455.5400390625,78.58000183105469,174.27427673339844,89.73470306396484,205.7100067138672,89.9767074584961,246.49989318847656,94.2300033569336,146.09872436523438,24.332365036010742,57.33427429199219
2023-03-01,22.681503295898438,11379.48046875,78.29000091552734,172.7600555419922,90.03362274169922,202.77000427246094,90.18595123291016,243.3867645263672,92.16999816894531,144.0173797607422,24.722774505615234,57.26480484008789
2023-03-02,23.29705238342285,11462.98046875,80.44000244140625,173.8658447265625,91.66769409179688,190.89999389648438,91.97950744628906,248.1701202392578,92.12999725341797,144.61207580566406,25.571918487548828,57.75490188598633
2023-03-03,23.87263298034668,11689.009765625,81.5199966430664,184.5450439453125,93.31173706054688,197.7899932861328,93.68338012695312,252.30116271972656,94.9000015258789,149.68649291992188,25.767122268676758,61.04567337036133
2023-03-06,23.536880493164062,11675.740234375,81.16000366210938,184.19639587402344,94.78638458251953,193.80999755859375,95.23780059814453,253.86264038085938,93.75,152.46160888671875,25.36695098876953,61.06111145019531
2023-03-07,23.275026321411133,11530.330078125,82.11000061035156,183.807861328125,93.52098083496094,187.7100067138672,93.83284759521484,251.1745147705078,93.55000305175781,150.25143432617188,24.917978286743164,60.311500549316406
2023-03-08,24.167530059814453,11576.0,85.37000274658203,184.26611328125,93.9095687866211,182.0,94.31114196777344,250.72976684570312,93.91999816894531,151.51014709472656,25.357192993164062,60.997440338134766
2023-03-09,23.42294692993164,11338.349609375,84.02999877929688,180.9986114501953,91.98653411865234,172.9199981689453,92.32826232910156,249.36595153808594,92.25,149.2504119873047,25.806163787841797,60.057769775390625
2023-03-10,22.952205657958984,11138.8896484375,82.66999816894531,178.826904296875,90.30264282226562,173.44000244140625,90.68415832519531,245.6796112060547,90.7300033569336,147.1790313720703,26.56746482849121,59.31586837768555
2023-03-13,22.953203201293945,11188.83984375,82.01000213623047,180.2115936279297,90.78091430664062,174.47999572753906,91.33184814453125,250.94720458984375,92.43000030517578,149.13150024414062,26.303937911987305,59.47409439086914
2023-03-14,24.049592971801758,11428.150390625,87.44999694824219,193.28167724609375,93.63058471679688,183.25999450683594,93.91255950927734,257.7367858886719,94.87999725341797,151.2326202392578,27.338529586791992,61.01673126220703
2023-03-15,24.214502334594727,11434.0498046875,89.68000030517578,196.9974822998047,95.76284790039062,180.4499969482422,96.20433044433594,262.33233642578125,96.19999694824219,151.6290740966797,27.728940963745117,60.397361755371094
2023-03-16,25.526771545410156,11717.2802734375,96.5999984741211,204.150146484375,99.9576416015625,184.1300048828125,100.70814514160156,272.9664306640625,100.04000091552734,154.46365356445312,29.45650863647461,61.406490325927734
2023-03-17,25.710668563842773,11630.509765625,97.83999633789062,194.86563110351562,101.25294494628906,180.1300048828125,102.0931625366211,276.15850830078125,98.94999694824219,153.62118530273438,29.095378875732422,60.87298583984375
2023-03-20,25.885570526123047,11675.5400390625,96.80999755859375,197.0572509765625,100.8543930053711,183.25,101.5650634765625,269.0428771972656,97.70999908447266,155.99984741210938,28.46095848083496,62.10208511352539
2023-03-21,26.184404373168945,11860.1103515625,95.93000030517578,201.39071655273438,104.54103088378906,197.5800018310547,105.4610595703125,270.57464599609375,100.61000061035156,157.8631134033203,27.777738571166992,61.87275314331055
2023-03-22,26.45325469970703,11669.9599609375,97.58000183105469,199.0496368408203,102.99662780761719,191.14999389648438,103.84686279296875,269.1021728515625,98.69999694824219,156.42601013183594,27.455650329589844,61.30625534057617
2023-03-23,27.175851821899414,11787.400390625,100.27999877929688,203.5026397705078,105.21857452392578,192.22000122070312,105.87957000732422,274.4093017578125,98.70999908447266,157.51625061035156,28.33407974243164,62.11373519897461
2023-03-24,26.764083862304688,11823.9599609375,97.94999694824219,205.22604370117188,105.05915832519531,190.41000366210938,105.68028259277344,277.2851867675781,98.12999725341797,158.82449340820312,28.65616798400879,61.816402435302734
2023-03-27,26.516220092773438,11768.83984375,96.61000061035156,202.068115234375,102.08992004394531,191.80999755859375,102.6910171508789,273.1442565917969,98.04000091552734,156.8720245361328,28.48048210144043,60.90980529785156
2023-03-28,26.395288467407227,11716.080078125,94.55999755859375,199.9163360595703,100.66508483886719,189.19000244140625,100.99710845947266,272.0076904296875,97.23999786376953,156.2476043701172,28.587844848632812,60.70186233520508
2023-03-29,26.96896743774414,11926.240234375,96.08999633789062,204.56857299804688,101.0237808227539,193.8800048828125,101.5351791381836,277.22589111328125,100.25,159.33985900878906,30.764385223388672,60.779598236083984
2023-03-30,27.367746353149414,12013.4697265625,97.87999725341797,207.04908752441406,100.52558898925781,195.27999877929688,100.9572525024414,280.7244567871094,102.0,160.9157257080078,31.320720672607422,61.581241607666016
2023-03-31,27.76152801513672,12221.91015625,98.01000213623047,211.13348388671875,103.35533142089844,207.4600067138672,103.62765502929688,284.9246520996094,103.29000091552734,163.43313598632812,31.88681411743164,62.338191986083984
2023-04-03,27.949420928955078,12189.4501953125,96.55999755859375,212.25918579101562,103.9830551147461,194.77000427246094,104.53440856933594,283.86724853515625,102.41000366210938,164.69180297851562,32.10154342651367,62.42857360839844
2023-04-04,27.437705993652344,12126.330078125,95.87000274658203,213.90289306640625,104.34175872802734,192.5800018310547,104.74365234375,283.8177795410156,103.94999694824219,164.15664672851562,32.30649948120117,61.6453857421875
2023-04-05,26.866024017333984,11996.8603515625,92.55999755859375,210.67523193359375,104.0926513671875,185.52000427246094,104.57425689697266,281.01104736328125,101.0999984741211,162.3032684326172,32.04298782348633,61.120662689208984
2023-04-06,27.021940231323242,12087.9599609375,92.47000122070312,215.2776641845703,108.02838134765625,185.05999755859375,108.51011657714844,288.1860656738281,102.05999755859375,163.1952667236328,32.023460388183594,60.50169372558594
2023-04-10,27.563634872436523,12084.3603515625,95.4800033569336,213.9327850341797,106.0555419921875,184.50999450683594,106.56709289550781,286.0019836425781,102.16999816894531,160.58865356445312,31.74041175842285,60.96324157714844
2023-04-11,27.153865814208984,12031.8798828125,94.02999877929688,213.03622436523438,104.96947479248047,186.7899932861328,105.74007415771484,279.51873779296875,99.91999816894531,159.36959838867188,31.574487686157227,60.39772415161133
2023-04-12,26.480239868164062,11929.33984375,92.33000183105469,213.18563842773438,104.26204681396484,180.5399932861328,104.84329223632812,280.1709899902344,97.83000183105469,158.67581176757812,31.252399444580078,59.92450714111328
2023-04-13,26.44825553894043,12166.26953125,92.08999633789062,219.51148986816406,107.0419692993164,185.89999389648438,107.80265808105469,286.4466552734375,102.4000015258789,164.08724975585938,31.35976219177246,60.65716552734375
2023-04-14,26.74309539794922,12123.4697265625,91.75,220.64715576171875,108.47676849365234,185.0,109.06810760498047,282.7900085449219,102.51000213623047,163.74037170410156,31.125516891479492,60.20046615600586
2023-04-17,26.986957550048828,12157.7197265625,89.87000274658203,218.0271453857422,105.58724212646484,187.0399932861328,106.03898620605469,285.4188537597656,102.73999786376953,163.76016235351562,31.369522094726562,60.9603385925293
2023-04-18,27.651588439941406,12153.41015625,89.77999877929688,217.0608367919922,104.12255096435547,184.30999755859375,104.74365234375,284.99383544921875,102.30000305175781,164.98916625976562,31.06695556640625,61.44229507446289
2023-04-19,27.915437698364258,12157.23046875,89.94000244140625,214.87918090820312,103.80370330810547,180.58999633789062,104.64399719238281,285.0729675292969,104.30000305175781,166.13885498046875,30.40325355529785,61.65412521362305
2023-04-20,27.08890151977539,12059.5595703125,90.11000061035156,212.25918579101562,104.9096908569336,162.99000549316406,105.52085876464844,282.7603454589844,103.80999755859375,165.1675567626953,30.120208740234375,61.510318756103516
2023-04-21,27.10388946533203,12072.4599609375,88.43000030517578,212.07986450195312,105.02926635742188,165.0800018310547,105.53082275390625,282.4144592285156,106.95999908447266,163.55206298828125,29.573631286621094,61.4986572265625
2023-04-24,27.026933670043945,12037.2001953125,87.56999969482422,211.980224609375,105.58724212646484,162.5500030517578,106.39769744873047,278.47113037109375,106.20999908447266,163.8592987060547,28.948972702026367,61.65801239013672
2023-04-25,26.22637939453125,11799.16015625,83.80000305175781,206.76019287109375,103.47489166259766,160.6699981689453,104.23546600341797,272.19549560546875,102.56999969482422,162.3131866455078,28.187673568725586,60.44144821166992
2023-04-26,26.94097900390625,11854.349609375,85.94000244140625,208.60316467285156,103.33539581298828,153.75,104.07604217529297,291.91192626953125,104.9800033569336,162.3032684326172,28.353595733642578,59.87495040893555
2023-04-27,27.210832595825195,12142.240234375,87.44000244140625,237.6521759033203,107.20138549804688,160.19000244140625,107.98201751708984,301.26116943359375,109.81999969482422,166.91189575195312,29.144180297851562,60.090667724609375
2023-04-28,27.73354148864746,12226.580078125,89.37000274658203,239.40548706054688,106.95228576660156,164.30999755859375,107.83255004882812,303.6627197265625,105.44999694824219,168.17059326171875,30.315412521362305,60.87677001953125
2023-05-01,28.893892288208008,12212.599609375,89.69000244140625,242.2545928955078,106.81278991699219,161.8300018310547,107.32437133789062,301.9826354980469,102.05000305175781,168.08140563964844,29.573631286621094,61.98936080932617
2023-05-02,28.194284439086914,12080.509765625,89.91000366210938,238.32958984375,104.93958282470703,160.30999755859375,105.60057830810547,301.83441162109375,103.62999725341797,167.04074096679688,29.056337356567383,59.50084686279297
2023-05-03,27.786514282226562,12025.330078125,81.62000274658203,236.1280059814453,105.02926635742188,160.61000061035156,105.74007415771484,300.8362121582031,103.6500015258789,165.96043395996094,29.915241241455078,59.58441925048828
2023-05-04,27.546646118164062,11966.400390625,86.61000061035156,232.63134765625,104.31185913085938,161.1999969482422,104.83332061767578,301.83441162109375,104.0,164.31521606445312,30.61595916748047,59.28901290893555
2023-05-05,28.66402244567871,12235.41015625,89.83999633789062,231.8941650390625,105.18868255615234,170.05999755859375,105.83472442626953,307.0130310058594,105.66000366210938,172.0260009765625,30.370952606201172,61.228519439697266
2023-05-08,29.134756088256836,12256.919921875,95.04000091552734,232.38233947753906,107.3807373046875,171.7899932861328,107.85247039794922,305.03643798828125,105.83000183105469,171.95660400390625,30.15534782409668,61.125518798828125
2023-05-09,28.555082321166992,12179.5498046875,95.05999755859375,232.48191833496094,106.9622573852539,169.14999389648438,107.55355834960938,303.40576171875,106.62000274658203,170.2420196533203,29.49873161315918,60.10038757324219
2023-05-10,28.868907928466797,12306.4404296875,97.0199966430664,232.1930389404297,111.34635925292969,168.5399932861328,111.87801361083984,308.653564453125,110.19000244140625,172.01609802246094,29.371328353881836,60.85441589355469
2023-05-11,28.562076568603516,12328.509765625,97.0999984741211,234.89273071289062,116.1489486694336,172.0800018310547,116.4814682006836,306.4793395996094,112.18000030517578,172.2044219970703,28.28350067138672,60.990455627441406
2023-05-12,28.32421112060547,12284.740234375,95.26000213623047,232.92025756835938,117.08555603027344,167.97999572753906,117.49781799316406,305.35272216796875,110.26000213623047,171.271484375,28.3717041015625,61.32860565185547
2023-05-15,28.936866760253906,12365.2099609375,97.4000015258789,237.9510498046875,116.08917236328125,166.35000610351562,116.541259765625,305.83697509765625,111.19999694824219,170.77523803710938,29.204723358154297,62.169124603271484
2023-05-16,29.196725845336914,12343.0498046875,101.4800033569336,237.91119384765625,119.07833862304688,166.52000427246094,119.66004943847656,308.0903015136719,113.4000015258789,170.77523803710938,28.636310577392578,62.32847595214844
2023-05-17,30.16118621826172,12500.5703125,103.75,241.56723022460938,120.40352630615234,173.86000061035156,121.04507446289062,311.002197265625,115.5,171.39056396484375,28.293302536010742,63.886112213134766
2023-05-18,31.660350799560547,12688.83984375,107.93000030517578,245.91064453125,122.38633728027344,176.88999938964844,123.0777587890625,315.4790344238281,118.1500015258789,173.73281860351562,29.087121963500977,65.87127685546875
2023-05-19,31.24658203125,12657.900390625,105.81999969482422,244.7052459716797,122.31659698486328,180.13999938964844,122.8087387084961,315.30072021484375,116.25,173.84197998046875,29.332128524780273,66.2939682006836
2023-05-22,31.158634185791016,12720.7802734375,108.0,247.3750457763672,124.59832763671875,188.8699951171875,125.41935729980469,318.1136779785156,115.01000213623047,172.88919067382812,29.675134658813477,65.91695404052734
2023-05-23,30.6709041595459,12560.25,108.12000274658203,245.80105590820312,122.11731719970703,185.77000427246094,122.84860229492188,312.25018310546875,114.98999786376953,170.26907348632812,28.920516967773438,66.70694732666016
2023-05-24,30.520984649658203,12484.16015625,108.2699966430664,248.2616729736328,120.46331024169922,182.89999389648438,121.20449829101562,310.8536376953125,116.75,170.54696655273438,28.420705795288086,66.02967071533203
2023-05-25,37.958839416503906,12698.08984375,120.3499984741211,251.72842407226562,123.03399658203125,184.47000122070312,123.90480041503906,322.80841064453125,115.0,171.6883087158203,26.852664947509766,70.81721496582031
2023-05-26,38.92430114746094,12975.6904296875,127.02999877929688,261.0428161621094,124.159912109375,193.1699981689453,124.9809341430664,329.7118835449219,120.11000061035156,174.1099395751953,28.420705795288086,78.97266387939453
2023-05-30,40.088653564453125,13017.4296875,125.2699966430664,261.5210266113281,123.22329711914062,201.16000366210938,124.19376373291016,328.0478820800781,121.66000366210938,175.96585083007812,29.390928268432617,78.06025695800781
2023-05-31,37.81291961669922,12935.2900390625,118.20999908447266,263.712646484375,122.42619323730469,203.92999267578125,122.92831420898438,325.25482177734375,120.58000183105469,175.91627502441406,30.81196403503418,78.5091552734375
2023-06-01,39.74784469604492,13100.98046875,119.47000122070312,271.5726013183594,123.27312469482422,207.52000427246094,123.92472839355469,329.40478515625,122.7699966430664,178.73487854003906,30.508155822753906,76.75914001464844
2023-06-02,39.30509567260742,13240.76953125,117.86000061035156,271.5726013183594,124.21968841552734,213.97000122070312,124.78164672851562,332.1978759765625,124.25,179.58840942382812,30.684560775756836,78.9017333984375
2023-06-05,39.1491813659668,13229.4296875,117.93000030517578,270.3572692871094,125.55486297607422,217.61000061035156,126.17662811279297,332.73272705078125,125.30000305175781,178.2287139892578,29.263526916503906,77.95919036865234
2023-06-06,38.63246536254883,13276.419921875,124.2300033569336,270.0882568359375,126.85015869140625,221.30999755859375,127.45205688476562,330.49432373046875,126.61000061035156,177.8615264892578,30.341550827026367,76.76399993896484
2023-06-07,37.45799255371094,13104.900390625,117.83000183105469,262.596923828125,122.05753326416016,224.57000732421875,122.4998550415039,320.29266357421875,121.2300033569336,176.48196411132812,30.655162811279297,77.01956176757812
2023-06-08,38.492530822753906,13238.51953125,121.05000305175781,263.5731506347656,121.69883728027344,234.86000061035156,122.2308120727539,322.1546936035156,124.25,179.21127319335938,31.184371948242188,78.14380645751953
2023-06-09,38.75240707397461,13259.1396484375,124.91999816894531,263.9417724609375,121.78850555419922,244.39999389648438,122.43009948730469,323.67010498046875,123.43000030517578,179.5983428955078,30.713960647583008,78.18461608886719
2023-06-12,39.464088439941406,13461.919921875,129.19000244140625,270.0185241699219,123.19341278076172,249.8300018310547,123.90480041503906,328.6817932128906,126.56999969482422,182.40704345703125,32.409400939941406,83.1150131225586
2023-06-13,41.00339126586914,13573.3203125,124.52999877929688,270.28753662109375,123.38272857666016,258.7099914550781,123.98451232910156,331.0984802246094,126.66000366210938,181.93064880371094,33.23262405395508,82.70301055908203
2023-06-14,42.97749328613281,13626.48046875,127.33000183105469,272.3097839355469,123.22329711914062,256.7900085449219,123.93468475341797,334.1193542480469,126.41999816894531,182.5658416748047,34.869266510009766,86.1097640991211
2023-06-15,42.63365173339844,13782.8203125,124.23999786376953,280.75750732421875,124.63817596435547,255.89999389648438,125.33963775634766,344.77667236328125,127.11000061035156,184.61033630371094,35.104469299316406,85.84255981445312
2023-06-16,42.672630310058594,13689.5703125,120.08000183105469,279.9306945800781,123.08380126953125,260.5400085449219,123.61582946777344,339.0617370605469,125.48999786376953,183.52854919433594,35.64348220825195,84.35391998291016
2023-06-20,43.78812026977539,13667.2900390625,118.93000030517578,283.24798583984375,122.65536499023438,274.45001220703125,123.40658569335938,334.82257080078125,125.77999877929688,183.61785888671875,34.300846099853516,84.34615325927734
2023-06-21,43.02547073364258,13502.2001953125,112.11000061035156,280.5682678222656,120.11457824707031,259.4599914550781,120.82586669921875,330.3754577636719,124.83000183105469,182.57577514648438,32.2427978515625,82.80561828613281
2023-06-22,43.0054817199707,13630.6103515625,110.69999694824219,283.7959289550781,122.7051773071289,264.6099853515625,123.426513671875,336.4667053222656,130.14999389648438,185.59288024902344,32.05659484863281,82.29470825195312
2023-06-23,42.189849853515625,13492.51953125,110.01000213623047,287.6312561035156,121.89810943603516,256.6000061035156,122.57955932617188,331.8215026855469,129.3300018310547,185.27528381347656,32.34080123901367,80.31360626220703
2023-06-26,40.61356735229492,13335.7802734375,107.51000213623047,277.41033935546875,117.91255187988281,241.0500030517578,118.66362762451172,325.46282958984375,127.33000183105469,183.8759002685547,32.674007415771484,80.26280975341797
2023-06-27,41.856998443603516,13555.669921875,110.38999938964844,285.9576721191406,117.90259552001953,250.2100067138672,118.58391571044922,331.37579345703125,129.17999267578125,186.6448974609375,33.418827056884766,82.87789154052734
2023-06-28,41.09834671020508,13591.75,110.16999816894531,284.2043762207031,119.74591064453125,256.239990234375,120.6465072631836,332.64361572265625,129.0399932861328,187.82594299316406,32.899410247802734,82.83296966552734
2023-06-29,40.8034782409668,13591.330078125,111.23999786376953,280.4586486816406,118.66980743408203,257.5,119.5803451538086,331.8511962890625,127.9000015258789,188.16339111328125,32.252601623535156,84.26214599609375
2023-06-30,42.282806396484375,13787.919921875,113.91000366210938,285.887939453125,119.26764678955078,261.7699890136719,120.53690338134766,337.288818359375,130.36000061035156,192.5104522705078,32.772010803222656,84.73688507080078
2023-07-03,42.39375686645508,13816.76953125,115.81999969482422,284.93157958984375,119.46692657470703,279.82000732421875,120.12836456298828,334.76318359375,130.22000122070312,191.01181030273438,32.94841766357422,85.61705017089844
2023-07-05,42.29780578613281,13791.650390625,113.94999694824219,293.24981689453125,121.31024169921875,282.4800109863281,122.19095611572266,334.9216003417969,130.3800048828125,189.8903045654297,31.8605899810791,84.1927719116211
2023-07-06,42.083900451660156,13679.0400390625,113.4800033569336,290.8788757324219,119.67616271972656,276.5400085449219,120.4970474243164,338.0118408203125,128.36000061035156,190.36668395996094,31.331375122070312,82.83882904052734
2023-07-07,42.48371124267578,13660.7197265625,113.16999816894531,289.4244079589844,119.04844665527344,274.42999267578125,119.7098617553711,334.00048828125,129.77999877929688,189.2451934814453,31.213775634765625,82.71672058105469
2023-07-10,42.16086196899414,13685.48046875,113.58000183105469,292.9808349609375,116.02938079833984,269.6099853515625,116.45158386230469,328.6619567871094,127.12999725341797,187.1907958984375,32.085994720458984,85.74308013916016
2023-07-11,42.38576126098633,13760.7001953125,111.31999969482422,297.1548767089844,116.71688842773438,269.7900085449219,117.28856658935547,329.2958679199219,128.77999877929688,186.66477966308594,32.634803771972656,86.16508483886719
2023-07-12,43.882080078125,13918.9599609375,114.58000183105469,308.162841796875,118.50042724609375,271.989990234375,119.19174194335938,333.9806823730469,130.8000030517578,188.342041015625,33.30122756958008,86.93682098388672
2023-07-13,45.956138610839844,14138.5703125,115.91999816894531,312.21734619140625,124.09016418457031,277.8999938964844,124.3830795288086,339.3885803222656,134.3000030517578,189.1062469482422,33.19342041015625,86.97686767578125
2023-07-14,45.44837188720703,14113.7001953125,115.94000244140625,307.69464111328125,124.96697998046875,281.3800048828125,125.24996185302734,341.9439392089844,134.67999267578125,189.255126953125,32.48780822753906,86.80298614501953
2023-07-17,46.43992233276367,14244.9501953125,118.31999969482422,309.4379577636719,124.19976806640625,290.3800048828125,124.61225128173828,342.42926025390625,133.55999755859375,192.53028869628906,33.683433532714844,88.92963409423828
2023-07-18,47.47244644165039,14353.6396484375,117.93000030517578,310.8625183105469,123.31298065185547,293.3399963378906,123.6357650756836,356.0578918457031,132.8300018310547,192.27224731445312,33.81083679199219,88.25364685058594
2023-07-19,47.055641174316406,14358.01953125,116.43000030517578,314.8074645996094,121.58922576904297,291.260009765625,122.34040832519531,351.6899719238281,135.36000061035156,193.63194274902344,33.771629333496094,88.05239868164062
2023-07-20,45.49934768676758,14063.3095703125,110.25,301.3687744140625,118.76944732666016,262.8999938964844,119.10205078125,343.5583801269531,129.9600067138672,191.67677307128906,32.70341110229492,86.77953338623047
2023-07-21,44.28889465332031,14032.8095703125,110.94999694824219,293.1402282714844,119.58648681640625,260.0199890136719,119.87925720214844,340.48797607421875,130.0,190.49574279785156,33.340423583984375,87.60108184814453
2023-07-24,44.59176254272461,14058.8701171875,110.61000061035156,290.50030517578125,121.09103393554688,269.05999755859375,121.44363403320312,341.815185546875,128.8000030517578,191.2996368408203,32.95821762084961,88.07389068603516
2023-07-25,45.65827560424805,14144.5595703125,113.0,293.3493957519531,121.7685775756836,265.2799987792969,122.35038757324219,347.629150390625,129.1300048828125,192.1630859375,33.418827056884766,89.67596435546875
2023-07-26,45.431373596191406,14127.2802734375,110.08999633789062,297.433837890625,128.80308532714844,264.3500061035156,129.19578552246094,334.5452575683594,128.14999389648438,193.03646850585938,33.67363739013672,87.24353790283203
2023-07-27,45.87917709350586,14050.1103515625,111.0999984741211,310.5238037109375,128.93260192871094,255.7100067138672,129.405029296875,327.56256103515625,128.25,191.7660675048828,33.85983657836914,87.2865219116211
2023-07-28,46.72879409790039,14316.66015625,112.95999908447266,324.2414245605469,132.10113525390625,266.44000244140625,132.53378295898438,335.1395568847656,132.2100067138672,194.3564453125,36.09429168701172,87.8980484008789
2023-07-31,46.707801818847656,14346.01953125,114.4000015258789,317.3876037597656,132.24063110351562,267.42999267578125,132.63345336914062,332.71295166015625,133.67999267578125,194.97178649902344,35.05546951293945,87.78669738769531
2023-08-01,46.48590087890625,14283.91015625,117.5999984741211,321.48193359375,131.07484436035156,261.07000732421875,131.4178009033203,333.12890625,131.69000244140625,194.13809204101562,35.08486557006836,89.872314453125
2023-08-02,44.24892044067383,13973.4501953125,109.3499984741211,313.1139221191406,127.91629028320312,254.11000061035156,128.17942810058594,324.3733215332031,128.2100067138672,191.13088989257812,33.70303726196289,87.1663818359375
2023-08-03,44.49480438232422,13959.7197265625,113.1500015258789,311.9981994628906,127.98603057861328,259.32000732421875,128.30899047851562,323.5413513183594,128.91000366210938,189.73153686523438,34.17344665527344,86.4513168334961
2023-08-04,44.65972900390625,13909.240234375,115.81999969482422,309.54754638671875,127.64727020263672,253.86000061035156,128.07980346679688,324.650634765625,139.57000732421875,180.62060546875,34.56195068359375,86.12600708007812
2023-08-07,45.396392822265625,13994.400390625,116.80999755859375,315.3553771972656,131.05491638183594,251.4499969482422,131.46762084960938,326.9583740234375,142.22000122070312,177.5041961669922,34.65047073364258,87.6313705444336
2023-08-08,44.64373779296875,13884.3203125,113.2300033569336,311.4502868652344,130.9253692626953,249.6999969482422,131.36798095703125,322.9371643066406,139.94000244140625,178.44705200195312,34.44392395019531,86.27352142333984
2023-08-09,42.53469467163086,13722.01953125,110.47000122070312,304.048583984375,129.19166564941406,242.19000244140625,129.68402099609375,319.15362548828125,137.85000610351562,176.84918212890625,33.716094970703125,83.10552215576172
2023-08-10,42.368770599365234,13737.990234375,110.2300033569336,304.5765380859375,129.22157287597656,245.33999633789062,129.7438201904297,319.8469543457031,138.55999755859375,176.63084411621094,34.10951614379883,82.34062194824219
2023-08-11,40.83646011352539,13644.849609375,107.56999969482422,300.4921875,129.09202575683594,242.64999389648438,129.70394897460938,317.9452819824219,138.41000366210938,176.6904754638672,34.31605911254883,81.05701446533203
2023-08-14,43.73314666748047,13788.330078125,111.9800033569336,305.02484130859375,130.8556365966797,239.75999450683594,131.3580322265625,320.94635009765625,140.57000732421875,178.3501434326172,35.09306335449219,83.4347152709961
2023-08-15,43.92006301879883,13631.0498046875,111.3499984741211,300.8009338378906,129.3112335205078,232.9600067138672,129.80360412597656,318.78717041015625,137.6699981689453,176.3525848388672,34.19803237915039,82.30350494384766
2023-08-16,43.466270446777344,13474.6298828125,107.19000244140625,293.17010498046875,128.23513793945312,225.60000610351562,128.64776611328125,318.01300048828125,135.07000732421875,175.47802734375,32.978431701660156,81.37254333496094
2023-08-17,43.324337005615234,13316.9296875,104.44000244140625,284.005126953125,129.4507293701172,219.22000122070312,129.99293518066406,314.5191955566406,133.97999572753906,172.9239044189453,32.044063568115234,80.79717254638672
2023-08-18,43.27935791015625,13290.7802734375,105.44999694824219,282.1721496582031,126.9996109008789,215.49000549316406,127.65133666992188,314.1221618652344,133.22000122070312,173.41090393066406,32.21126174926758,80.674072265625
2023-08-21,46.94569396972656,13497.58984375,108.22000122070312,288.7968444824219,127.90631866455078,231.27999877929688,128.46839904785156,319.4819641113281,134.67999267578125,174.7525177001953,32.5948486328125,84.51318359375
2023-08-22,45.64727783203125,13505.8701171875,105.66000366210938,286.5055847167969,128.61376953125,233.19000244140625,129.22567749023438,320.0576171875,134.25,176.1339111328125,32.34896469116211,83.59981536865234
2023-08-23,47.094627380371094,13721.0302734375,109.43000030517578,293.12030029296875,131.89187622070312,236.86000061035156,132.7330780029297,324.5638122558594,135.52000427246094,179.9998779296875,33.4210319519043,85.6307373046875
2023-08-24,47.1416015625,13463.9697265625,101.80000305175781,285.6588134765625,129.3112335205078,230.0399932861328,129.95306396484375,317.586181640625,131.83999633789062,175.2891845703125,32.053897857666016,83.46989440917969
2023-08-25,45.99711990356445,13590.650390625,102.25,284.41357421875,129.41087341308594,238.58999633789062,130.22210693359375,320.5737609863281,133.25999450683594,177.50538635253906,32.703041076660156,83.21199035644531
2023-08-28,46.813751220703125,13705.1298828125,102.61000061035156,289.15545654296875,130.5367889404297,238.82000732421875,131.3181610107422,321.28839111328125,133.13999938964844,179.0756378173828,33.066951751708984,84.11658477783203
2023-08-29,48.761871337890625,13943.759765625,105.91999816894531,296.8560485839844,134.0839385986328,257.17999267578125,135.00491333007812,325.96331787109375,134.91000366210938,182.98130798339844,33.745601654052734,86.93486022949219
2023-08-30,49.24164581298828,14019.3095703125,106.58999633789062,293.97705078125,135.3892059326172,256.8999938964844,136.4397430419922,326.3404846191406,135.07000732421875,186.48948669433594,33.961978912353516,87.16442108154297
2023-08-31,49.33260726928711,14034.9697265625,105.72000122070312,294.7640380859375,135.67816162109375,258.0799865722656,136.85826110839844,325.3181457519531,138.00999450683594,186.7081298828125,34.56195068359375,90.15463256835938
2023-09-01,48.486995697021484,14031.8095703125,109.44999694824219,295.2521667480469,135.1699981689453,245.00999450683594,136.3102264404297,326.21142578125,138.1199951171875,188.28831481933594,36.00777053833008,85.23412322998047
2023-09-05,48.52597427368164,14020.9501953125,110.77999877929688,299.0078125,135.2796173095703,256.489990234375,136.22055053710938,331.0650329589844,137.27000427246094,188.5268096923828,36.106117248535156,85.1999282836914
2023-09-06,47.043521881103516,13872.4697265625,109.27999877929688,298.0315856933594,133.97433471679688,251.9199981689453,134.8853302001953,330.3999938964844,135.36000061035156,181.77880859375,36.371681213378906,85.2096939086914
2023-09-07,46.22382736206055,13748.830078125,106.58999633789062,297.5334777832031,134.7714385986328,251.49000549316406,135.71237182617188,327.4521484375,137.85000610351562,176.46188354492188,37.55194091796875,83.720947265625
2023-09-08,45.555076599121094,13761.5302734375,106.08999633789062,296.75640869140625,135.8874053955078,248.5,136.7087860107422,331.7796325683594,138.22999572753906,177.0780487060547,37.384735107421875,83.77173614501953
2023-09-11,45.161224365234375,13917.8896484375,105.31999969482422,306.38958740234375,136.42544555664062,273.5799865722656,137.2468719482422,335.4223327636719,143.10000610351562,178.25076293945312,37.955196380615234,83.92707061767578
2023-09-12,44.853336334228516,13773.6103515625,105.30999755859375,300.5120544433594,134.8511505126953,267.4800109863281,135.5828399658203,329.2982482910156,141.22999572753906,175.20968627929688,38.22075653076172,82.49888610839844
2023-09-13,45.46811294555664,13813.58984375,107.70999908447266,303.89910888671875,136.21620178222656,271.29998779296875,137.00770568847656,333.5563049316406,144.85000610351562,173.1326141357422,38.07322692871094,83.32042694091797
2023-09-14,45.56407928466797,13926.0498046875,106.62999725341797,310.5337829589844,137.60118103027344,276.0400085449219,138.4923858642578,336.1766662597656,144.72000122070312,174.6531524658203,38.03388214111328,85.14815521240234
2023-09-15,43.883697509765625,13708.330078125,101.48999786376953,299.1672058105469,136.90370178222656,274.3900146484375,137.8048553466797,327.75982666015625,140.38999938964844,173.92764282226562,37.256874084472656,83.19831085205078
2023-09-18,43.949668884277344,13710.240234375,102.37000274658203,301.398681640625,137.71080017089844,265.2799987792969,138.46249389648438,326.60845947265625,139.97999572753906,176.86935424804688,37.36506652832031,83.03419494628906
2023-09-19,43.50383758544922,13678.1904296875,101.61000061035156,303.9090881347656,137.54139709472656,266.5,138.3329620361328,326.2015075683594,137.6300048828125,177.96253967285156,35.742210388183594,82.95604705810547
2023-09-20,42.22331619262695,13469.1298828125,100.33999633789062,298.52960205078125,133.25694274902344,262.5899963378906,134.10813903808594,318.38018798828125,135.2899932861328,174.4047088623047,34.11935043334961,81.57803344726562
2023-09-21,41.00177001953125,13223.98046875,96.11000061035156,294.6046142578125,129.96885681152344,255.6999969482422,130.8896942138672,317.1494445800781,129.3300018310547,172.8543243408203,34.08000946044922,79.3965835571289
2023-09-22,41.594547271728516,13211.8095703125,96.19999694824219,297.94189453125,129.779541015625,244.8800048828125,130.7801055908203,314.6482238769531,129.1199951171875,173.70901489257812,33.617740631103516,81.43167877197266
2023-09-25,42.206321716308594,13271.3203125,97.37999725341797,299.6852111816406,130.6364288330078,246.99000549316406,131.69680786132812,315.17425537109375,131.27000427246094,174.9910430908203,33.725929260253906,81.90412902832031
2023-09-26,41.89543914794922,13063.6103515625,95.95999908447266,297.82232666015625,128.10562133789062,244.1199951171875,128.9865264892578,309.81451416015625,125.9800033569336,170.8965301513672,33.273502349853516,80.16564178466797
2023-09-27,42.45222854614258,13092.849609375,98.06999969482422,296.6069641113281,130.0684814453125,240.5,130.98934936523438,310.45965576171875,125.9800033569336,169.3759765625,34.040672302246094,80.2265396118164
2023-09-28,43.072998046875,13201.2802734375,102.76000213623047,302.80328369140625,131.83209228515625,246.3800048828125,132.6533660888672,311.3033447265625,125.9800033569336,169.63438415527344,34.601287841796875,81.7184829711914
2023-09-29,43.48284149169922,13219.3203125,102.81999969482422,299.0675964355469,130.3873291015625,250.22000122070312,131.37794494628906,313.3976135253906,127.12000274658203,170.15118408203125,34.965206146240234,81.57901000976562
2023-10-02,44.7653694152832,13307.76953125,103.2699966430664,305.6524353027344,133.6853790283203,251.60000610351562,134.68606567382812,319.40252685546875,129.4600067138672,172.67544555664062,34.87668228149414,82.00824737548828
2023-10-03,43.50083923339844,13059.4697265625,100.08000183105469,299.7947998046875,131.95166015625,246.52999877929688,132.82273864746094,311.0552062988281,124.72000122070312,171.33380126953125,35.102901458740234,80.03205871582031
2023-10-04,44.02465057373047,13236.009765625,104.06999969482422,304.4171447753906,134.75152587890625,261.1600036621094,135.78211975097656,316.583740234375,127.0,172.5860137939453,35.338951110839844,80.91407775878906
2023-10-05,44.67140579223633,13219.830078125,102.91000366210938,303.63018798828125,134.58212280273438,260.04998779296875,135.5031280517578,316.9806823730469,125.95999908447266,173.8282928466797,35.29960632324219,80.91898345947266
2023-10-06,45.7450065612793,13431.33984375,107.23999786376953,314.2296447753906,137.0830535888672,260.5299987792969,138.23330688476562,324.8218688964844,127.95999908447266,176.392333984375,35.59467697143555,83.0208740234375
2023-10-09,45.25618362426758,13484.240234375,106.97000122070312,317.14849853515625,137.92002868652344,259.6700134277344,139.00054931640625,327.36279296875,128.25999450683594,177.88304138183594,35.46681594848633,84.06397247314453
2023-10-10,45.78099060058594,13562.83984375,109.01000213623047,320.6152648925781,137.5613250732422,263.6199951171875,138.7016143798828,325.9434509277344,129.47999572753906,177.28675842285156,35.83073043823242,84.31246948242188
2023-10-11,46.78861999511719,13659.6796875,108.30999755859375,326.5725402832031,140.04234313964844,262.989990234375,141.1926727294922,329.94342041015625,131.8300018310547,178.68801879882812,36.2733268737793,85.8987045288086
2023-10-12,46.92756652832031,13574.2197265625,108.79000091552734,322.92645263671875,138.46804809570312,258.8699951171875,139.7877197265625,328.6927795410156,132.3300018310547,179.5924072265625,36.233985900878906,88.94743347167969
2023-10-13,45.444114685058594,13407.23046875,105.08999633789062,313.49249267578125,136.86386108398438,251.1199951171875,138.0838623046875,325.28839111328125,129.7899932861328,177.74391174316406,35.3782958984375,86.74535369873047
2023-10-16,46.07788848876953,13567.98046875,106.45999908447266,319.9278869628906,138.59756469726562,253.9199981689453,139.98699951171875,330.16180419921875,132.5500030517578,177.61471557617188,35.958587646484375,88.64982604980469
2023-10-17,43.92168426513672,13533.75,105.13999938964844,322.7670593261719,139.21534729003906,254.85000610351562,140.48521423339844,329.5860900878906,131.47000122070312,176.05441284179688,35.46681594848633,86.86519622802734
2023-10-18,42.18033218383789,13314.2998046875,102.16999816894531,315.7637939453125,137.46168518066406,242.67999267578125,138.7813262939453,327.6506042480469,128.1300048828125,174.7525177001953,35.05372619628906,87.12350463867188
2023-10-19,42.08536911010742,13186.1796875,102.4000015258789,311.61962890625,137.25245666503906,220.11000061035156,138.482421875,328.85162353515625,128.39999389648438,174.3748779296875,35.083229064941406,85.23767852783203
2023-10-20,41.37163162231445,12983.8095703125,101.80999755859375,307.4754333496094,135.11021423339844,211.99000549316406,136.2504425048828,324.23626708984375,125.16999816894531,171.81085205078125,34.34556579589844,83.84297180175781
2023-10-23,42.95904541015625,13018.330078125,100.01000213623047,312.8150634765625,136.0069580078125,212.0800018310547,137.40628051757812,326.8665466308594,126.55999755859375,171.9300994873047,33.29316711425781,84.68668365478516
2023-10-24,43.64678192138672,13139.8701171875,101.66999816894531,311.360595703125,138.30862426757812,216.52000427246094,139.6183319091797,328.0675048828125,128.55999755859375,172.36737060546875,34.020999908447266,86.54204559326172
2023-10-25,41.763484954833984,12821.2197265625,96.05999755859375,298.3901672363281,125.15630340576172,212.4199981689453,126.21649932861328,338.1319885253906,121.38999938964844,170.0418701171875,32.28995132446289,83.4500961303711
2023-10-26,40.31102752685547,12595.6103515625,93.66999816894531,287.252685546875,121.83833312988281,205.75999450683594,122.99805450439453,325.4471740722656,119.56999969482422,165.85787963867188,31.985044479370117,81.20283508300781
2023-10-27,40.484962463378906,12643.009765625,96.43000030517578,295.600830078125,121.72872161865234,207.3000030517578,122.95819854736328,327.3528747558594,127.73999786376953,167.17965698242188,34.95536804199219,82.34317016601562
2023-10-30,41.145713806152344,12789.48046875,96.18000030517578,301.50823974609375,124.01045227050781,197.36000061035156,125.2997817993164,334.7969970703125,132.7100067138672,169.23683166503906,35.102901458740234,82.62701416015625
2023-10-31,40.76485824584961,12851.240234375,98.5,300.12353515625,123.63182830810547,200.83999633789062,124.85139465332031,335.5910339355469,133.08999633789062,169.71388244628906,35.899574279785156,82.63880920410156
2023-11-01,42.309288024902344,13061.4697265625,108.04000091552734,310.6632995605469,125.9932632446289,205.66000366210938,127.11327362060547,343.4917297363281,137.0,172.8940887451172,36.67658233642578,83.77520751953125
2023-11-02,43.48984146118164,13294.1904296875,107.83000183105469,309.68701171875,127.02951049804688,218.50999450683594,128.11965942382812,345.7250061035156,138.07000732421875,176.47183227539062,37.07984161376953,85.57850646972656
2023-11-03,44.98828887939453,13478.2802734375,112.25,313.40283203125,128.63369750976562,219.9600067138672,129.90322875976562,350.1716003417969,138.60000610351562,175.55752563476562,37.512596130371094,86.69625091552734
2023-11-06,45.734012603759766,13518.7802734375,111.75,314.5982666015625,129.779541015625,219.27000427246094,130.9793701171875,353.8738098144531,139.74000549316406,178.12156677246094,37.448455810546875,86.51454162597656
2023-11-07,45.93793869018555,13639.8603515625,113.44999694824219,317.6067810058594,130.4969482421875,222.17999267578125,131.92596435546875,357.8440246582031,142.7100067138672,180.695556640625,38.25761795043945,88.18328094482422
2023-11-08,46.556705474853516,13650.41015625,113.58999633789062,318.5631408691406,131.36378479003906,222.11000061035156,132.7828826904297,360.494140625,142.0800018310547,181.75892639160156,37.418853759765625,89.49058532714844
2023-11-09,46.93256759643555,13521.4501953125,113.48999786376953,319.3302001953125,129.7695770263672,209.97999572753906,131.21852111816406,358.0027770996094,140.60000610351562,181.2819061279297,37.30044174194336,89.51514434814453
2023-11-10,48.31705093383789,13798.1103515625,118.58999633789062,327.5188903808594,132.111083984375,214.64999389648438,133.5800323486328,366.9159240722656,143.55999755859375,185.49127197265625,38.346435546875,94.04698181152344
2023-11-13,48.6019401550293,13767.740234375,116.79000091552734,327.9372863769531,131.61288452148438,223.7100067138672,133.16152954101562,363.9481506347656,142.58999633789062,183.89906311035156,37.72475814819336,93.00684356689453
2023-11-14,49.6375617980957,14094.3798828125,119.87999725341797,335.03021240234375,133.13735961914062,237.41000366210938,134.9451141357422,367.5114440917969,145.8000030517578,186.5261993408203,38.889163970947266,95.5634765625
2023-11-15,48.869842529296875,14103.83984375,118.0,331.44390869140625,134.13375854492188,242.83999633789062,135.89173889160156,367.66064453125,143.1999969482422,187.09341430664062,40.07330322265625,95.80313873291016
2023-11-16,49.46162796020508,14113.669921875,119.83000183105469,332.9182434082031,136.43540954589844,233.58999633789062,138.2034149169922,374.1253356933594,142.8300018310547,188.78515625,42.77709197998047,94.24636840820312
2023-11-17,49.27969741821289,14125.48046875,120.62000274658203,333.7650451660156,134.82125854492188,234.3000030517578,136.44973754882812,367.8396301269531,145.17999267578125,188.76524353027344,43.231014251708984,96.03199768066406
2023-11-20,50.390281677246094,14284.5302734375,121.52999877929688,338.67626953125,135.75787353515625,235.60000610351562,137.42620849609375,375.3883972167969,146.1300048828125,190.5166473388672,44.14872360229492,97.79798126220703
2023-11-21,49.925453186035156,14199.98046875,119.16000366210938,335.69769287109375,136.4752655029297,241.1999969482422,138.1237030029297,371.04217529296875,143.89999389648438,189.71058654785156,43.063262939453125,96.37281799316406
2023-11-22,48.697906494140625,14265.8603515625,122.51000213623047,340.19049072265625,137.98977661132812,234.2100067138672,139.51869201660156,375.7961730957031,146.7100067138672,190.37734985351562,43.09286117553711,95.46920013427734
2023-11-24,47.75825881958008,14250.849609375,122.30999755859375,336.94293212890625,136.1962890625,235.4499969482422,137.72512817382812,375.37841796875,146.74000549316406,189.04385375976562,43.3790283203125,96.14396667480469
2023-11-27,48.22408676147461,14241.01953125,122.6500015258789,333.4263610839844,135.91729736328125,236.0800018310547,137.55575561523438,376.552001953125,147.72999572753906,188.86471557617188,43.4974479675293,93.33194732666016
2023-11-28,47.80323791503906,14281.759765625,122.01000213623047,337.70001220703125,136.70443725585938,246.72000122070312,138.1237030029297,380.61981201171875,147.02999877929688,189.4717559814453,43.64546203613281,92.94987487792969
2023-11-29,48.122127532958984,14258.490234375,123.8499984741211,330.9358825683594,134.50241088867188,244.13999938964844,135.91165161132812,376.7907409667969,146.32000732421875,188.44677734375,44.3460807800293,92.40769958496094
2023-11-30,46.75263214111328,14226.2197265625,121.16000366210938,325.9050598144531,132.05130004882812,240.0800018310547,133.44052124023438,376.8503723144531,146.08999633789062,189.02395629882812,44.1092529296875,90.92459106445312
2023-12-01,46.74763107299805,14305.0302734375,121.38999938964844,323.5839538574219,131.38372802734375,238.8300018310547,132.8426971435547,372.4743347167969,147.02999877929688,190.30767822265625,43.16194152832031,91.343994140625
2023-12-04,45.493099212646484,14185.490234375,118.56999969482422,318.8022155761719,128.80308532714844,235.5800018310547,130.16232299804688,367.1335144042969,144.83999633789062,188.50648498535156,41.79030990600586,90.75172424316406
2023-12-05,46.552799224853516,14229.91015625,118.37999725341797,317.07879638671875,130.51687622070312,238.72000122070312,131.916015625,370.4951171875,146.8800048828125,192.47705078125,41.365989685058594,89.68604278564453
2023-12-06,45.4901008605957,14146.7099609375,116.81999969482422,316.2419738769531,129.5503692626953,239.3699951171875,130.95944213867188,366.7953186035156,144.52000427246094,191.38241577148438,40.72458267211914,88.75492858886719
2023-12-07,46.58279037475586,14339.990234375,128.3699951171875,325.34716796875,136.43540954589844,242.63999938964844,137.95431518554688,368.9336853027344,146.8800048828125,193.3229217529297,41.59295654296875,90.58377075195312
2023-12-08,47.49253463745117,14403.9697265625,128.9199981689453,331.48370361328125,134.50241088867188,243.83999633789062,136.15078735351562,372.19586181640625,147.4199981689453,194.7559051513672,42.135684967041016,92.74851989746094
2023-12-11,46.61378479003906,14432.490234375,134.41000366210938,324.04217529296875,132.8085479736328,239.74000549316406,134.2177276611328,369.2817687988281,145.88999938964844,192.23822021484375,43.95136642456055,101.09127807617188
2023-12-12,47.64349365234375,14533.400390625,137.61000061035156,332.94818115234375,132.0413360595703,237.00999450683594,133.16152954101562,372.34503173828125,147.47999572753906,193.76077270507812,43.45797348022461,105.31863403320312
2023-12-13,48.074371337890625,14733.9599609375,138.19000244140625,333.4661560058594,132.09117126464844,239.2899932861328,133.49037170410156,372.3350524902344,148.83999633789062,196.9949188232422,43.98097229003906,107.02862548828125
2023-12-14,48.33629608154297,14761.5595703125,138.0,331.90216064453125,131.46343994140625,251.0500030517578,132.72311401367188,363.9409484863281,147.4199981689453,197.14418029785156,44.582908630371094,108.67872619628906
2023-12-15,48.87614059448242,14813.919921875,139.14999389648438,333.6455078125,132.1210479736328,253.5,133.36080932617188,368.7148742675781,149.97000122070312,196.60682678222656,45.549957275390625,110.96231079101562
2023-12-18,50.06280517578125,14904.8095703125,138.89999389648438,343.3085632324219,135.3094940185547,252.0800018310547,136.69882202148438,370.6243896484375,154.07000732421875,194.93502807617188,45.08616256713867,112.6575698852539
2023-12-19,49.58993911743164,15003.2197265625,140.14999389648438,349.0267639160156,136.1564178466797,257.2200012207031,137.60557556152344,371.2311096191406,153.7899932861328,195.97988891601562,46.04335021972656,112.44346618652344
2023-12-20,48.09735870361328,14777.9404296875,135.47000122070312,347.9508361816406,137.84030151367188,247.13999938964844,139.1599884033203,368.60546875,152.1199951171875,193.88018798828125,45.155242919921875,109.56227111816406
2023-12-21,48.97611618041992,14963.8701171875,139.91000366210938,352.7425231933594,139.9127960205078,254.5,141.29232788085938,371.50958251953125,153.83999633789062,193.7308807373047,46.457801818847656,111.23080444335938
2023-12-22,48.816162109375,14992.9697265625,139.60000610351562,352.04522705078125,140.97894287109375,252.5399932861328,142.20904541015625,372.5439453125,153.4199981689453,192.65618896484375,47.365638732910156,110.70685577392578
2023-12-26,49.26502990722656,15074.5703125,143.41000366210938,353.479736328125,141.0088348388672,256.6099853515625,142.3086700439453,372.6235046386719,153.41000366210938,192.1088409423828,49.83259963989258,111.6846923828125
2023-12-27,49.40298843383789,15099.1796875,146.07000732421875,356.4682922363281,139.86297607421875,261.44000244140625,140.93362426757812,372.0367126464844,153.33999633789062,192.20835876464844,50.08916091918945,111.12028503417969
2023-12-28,49.507965087890625,15095.1396484375,148.75999450683594,356.9564208984375,139.72348022460938,253.17999267578125,140.77418518066406,373.2401123046875,153.3800048828125,192.63626098632812,49.724056243896484,110.74928283691406
2023-12-29,49.507965087890625,15011.349609375,147.41000366210938,352.613037109375,139.18544006347656,248.47999572753906,140.42544555664062,373.9960021972656,151.94000244140625,191.5913848876953,49.58590316772461,110.14147186279297
